Pierś obrońcy lasu,93,19,2
Kurta wielkiego mąciciela,93,19,2
Płaszcz jesiennego zamierania,93,19,2
Pancerz soczystej zieleni,93,19,2
Otulina czerwieniejących liści,93,19,2
Ochrona kozich rogów,93,19,2
Karmazynowa peleryna,95,20,1
Wibrująca ochrona pohańbionych,96,20,1
Korona Margorii,95,20,1
Esencja umysłu asasyna,95,20,1
Torfowa jurność stróża,95,20,1
Buty nocnego wędrowca,95,20,1
Moc leśnych ziół,90,19,2
Protekcja świeżego igliwia,90,19,2
Łapy dokarmiacza grzybni,90,19,2
Groźba strażnika fauny,90,19,2
Piąstki opiekuna flory,90,19,2
Żywotność leśnego runa,90,19,2
Skinięcie Yang,90,19,2
Skinięcie Yin,90,19,2
Dłonie Wysokiego Yokai,90,19,2
Prawo Pięści Funayurei,90,19,2
Rękawice Pięciu Przemian,90,19,2
Łapy Ośmiu Trygramów,90,19,2
Strzelające palce leszego,92,19,1
Zaręczynowy pierścionek arystokratki,93,19,1
Oko pijanego proroctwa,93,19,1
Obrączka Różanity,93,19,1
Symbol Wszelkich Przekształceń,90,19,2
Emanująca duma urgrapów,99,20,1
Mistyczny wisior volmatów,99,20,1
Maska oszalałej wdowy,100,20,2
Maska porażającej niegodziwości,101,20,3
Lodowe złoto,106,21,1
Złota łza słońca,101,20,3
Płaszcz perskiego księcia,111,21,2
Galaretowate oblicze,118,22,1
Bitewna przyłbica królowej,118,22,1
Korona potępionej królowej,118,22,1
Bacowe dreptoki,111,21,2
Filcoki ślebody,111,21,2
Rękawice Syna Pustyni,115,22,2
Sygnet wielkiego umiłowania,111,21,1
Alfa Centauri,117,22,2
Delta Centauri,117,22,2
Epsilon Centauri,117,22,2
Proxima Centauri,117,22,2
Gwiazda Poranna,117,22,2
Gwiazda Wieczorna,117,22,2
Trofeum z mantikory,128,23,1
Korona Burkoga Lorulka,128,23,1
Buciska morskich symfonii,120,22,1
Koralowce,120,22,1
Złote cholewy wyznawcy,128,23,1
Potęga wiary Nikantosa,123,22,1
Bransolety krwistego oka,123,22,1
Magiczna moc aguti,123,22,1
Koralowe cążki kraba,120,22,1
Oślizgły jamochłon,120,22,1
Ostre szczypce pustelnika,120,22,1
Całuśny ukwiał,120,22,1
Sygnet dumnego rodu,129,23,2
Otok porzuconych kopalni,129,23,2
Pierścień smoczej choroby,129,23,2
Płonący majestat gadziny,128,23,1
Korona Potępieńca,135,24,1
Karminowe przebudzenie,135,24,1
Przebudzone ślepia demona,132,23,1
Pamiątka praorczej dynastii,132,23,1
Krwawe buty Foduga Zolasha,132,23,1
Stalowe buty Amuno,132,23,1
Mechaniczne buty Goonsa,139,24,1
Palce Otchłani,132,23,1
Potęga Foduga Zolasha,132,23,1
Krwawa perła berserkera,139,24,1
Amulet twórcy piekieł,131,23,3
Przenośny portal,132,23,1
Klejnot butnego dowódcy,132,23,1
Bojowy hełm przywódcy,149,25,2
Defensywa pana twierdzy,144,24,1
Magiczne kalosznice,144,24,2
Kopyta Mantikory,144,24,2
Buty z czarnej hydry,144,24,2
Złote chimeryczne podeszwy,144,24,2
Obuwie karmazynowego maga,144,24,2
Trepy braterskiej więzi,148,25,1
Rękawice przebiegłego łowcy,140,24,2
Siekacze pustynnego czerwia,144,24,1
Rękawice do warzenia piwa,165,27,2
Rękawice upiornego szaleństwa,165,27,1
Uścisk smoka,165,27,1
Spojrzenie smoka,166,27,1
Smocza flegma,160,26,1
Naszyjnik pradawnej dynastii,163,26,1
Jarzębinowa przyłbica,175,28,1
Hełm jesieni,175,28,1
Głęboki kaptur minotaura,175,28,1
Wspomnienie hamadriady,177,28,1
Podarunek mrocznej driady,177,28,1
Soczyste pąki drzewca,177,28,1
Kremapodus,175,28,1
Buty leśnej monarchini,177,28,1
Korowy chód mchów,177,28,1
Zdradzieckie dłonie Nehalenni,171,27,2
Gniewny chwyt Królowej,175,28,1
Atrybut wielkiego architekta,175,28,1
Rozkaz minotaura,175,28,1
Korowe dłonie Córy Dębu,175,28,1
Pięści leśnego mędrca,175,28,1
Miękkie rękawice palm,175,28,1
Przekleństwo leśnych pająków,175,28,1
Przekleństwo wrogów furboli,175,28,1
Miniaturowa łunka ognista,171,27,2
Ważka nadziei,171,27,2
Ważka świętej wojny,171,27,2
Miniaturowa łunka piżmowa,171,27,2
Symbol niepohamowanej mutacji,171,27,2
Goldenes Insekt,171,27,2
Skrzydła Varów,184,28,1
Cuchnące szłapy czempiona,180,28,1
Pieczęć wygnania pająków,180,28,1
Sygnet Lhavrynn,180,28,1
Błyskotka Mysiura,189,29,1
Prastary medalion furboli,180,28,1
Rodowa kolia Gniezny,180,28,1
Słońce kąpiące się w morzu,184,28,2
Lodowy krzyż Noldorów,184,28,2
Żelazny Łeb,190,29,1
Mitra ulotnej energii,190,29,1
Hełm Mrocznej Gwardii,197,30,2
Kaptur Czcicieli Demonów,197,30,2
Myświórowe cholewy,190,29,1
Sztyletobuty Brehereta,190,29,1
Buty agresji Thinkusa,195,30,2
Buty naczelnego medyka,198,30,2
Drept czarnej śmierci,198,30,2
Królewskie łapki,190,29,1
Przestroga Valmira,190,29,1
Rękawice oddanego sługi,197,30,2
Rękawice nekromanty,198,30,2
Chwyt zarazy,198,30,2
Dłonie przeznaczenia,198,30,2
Łapawice wspólnych interesów,198,30,2
Ochronne serce podziemia,195,30,1
Senne katharsis,195,30,1
Demoniczna siła,195,30,1
Szaleńcza odwaga,195,30,1
Zew mordu,195,30,1
Przerażająca potęga demona,195,30,1
Tchnienie grozy,195,30,1
Podmuch potępionych,195,30,2
Rogate odzienie Ammusa,204,30,3
Apokaliptyczna peleryna Yhanthleia,204,30,3
Szata Pana Nicości,204,30,3
Demoniczne wsparcie Bahaala,204,30,3
Fałszywe blachy Kłamcy,204,30,3
Obleśna kurta Murmura,204,30,3
Obsceniczna opończa nierządu,204,30,3
Zdrożna milaneza wyuzdania,204,30,3
Bezwstydny kaftan rozwiązłości,204,30,3
Demoniczne pantofle Bergermony,200,30,1
Chód stręczycielki,200,30,1
Objęcia Nicości,200,30,1
Krwawe pazury Sataniela,200,30,1
Rubinowe rękawice Zufulusa,200,30,1
Rogaty symbol przynależności,200,30,1
Wyłupione ślepie demona,200,30,1
Shlem Gordosti,218,32,1
Buty maniakalnego czciciela,214,31,1
Buty uwikłanego piewcy,214,31,1
Buty adepta pajęczej magii,214,31,1
Mankiety pogromcy pająków,210,31,1
Sygnet Pajęczego Żniwiarza,210,31,1
Obręcz trwogi i zbydlęcenia,210,31,2
Kryształ z dna piekieł,210,31,2
Krwawy Płacz,210,31,2
Pajęcza ozdoba,210,31,1
Legendarna moc Maddoksa,218,32,1
Magazyn sił chaosu,220,32,1
Wspomnienie sromotnej porażki,220,32,1
Zasłona Czarnej Wdowy,225,33,2
Skradziony hełm szamana,225,33,2
Kask szaleństwa,225,33,2
Maska Arachne,225,33,2
Zrabowany kask furbola,225,33,2
Czasza mutanta,225,33,2
Pancerne rękawice maddoków,226,33,1
Maddocze szachmaty,226,33,1
Paraliżujące pazury maddoka,226,33,1
Skarb Arachnitopii,225,33,2
Serce z Mar Sehes,227,33,2
Klejnot krainy jezior,227,33,2
Perła błotna,227,33,2
Czerep szuwarowych topielisk,231,33,3
Odcisk grzęzawiskowych rybaków,231,33,3
Kolia bezdennych bagien,231,33,3
Amulet płodności,231,33,3
Mechata kolia ducha kniei,235,34,1
Wisior zaklętej kory,235,34,1
Obręcz żywych pnączy,235,34,1
Naszyjnik Puryfikacji,239,34,2
Srebrzysty hełm przepowiedni,240,34,1
Przesłona zwierzchnika kniei,242,34,2
Maska jeźdźca boru,242,34,2
Pióropusz ostatniego z Imperatorów,245,35,1
Zmurszałe kroki,240,34,1
Święta kora Dendroculusa,240,34,1
Łykowce magicznej żywicy,240,34,1
Dłonie Teomama,242,34,1
Rękawice obrońcy bogów,242,34,1
Gorejące oko poświęcenia,246,35,1
Klucz do Księgi Cieni,246,35,1
Gniazdo przenikliwości,246,35,1
Wysokie buciska nieostrożnego,252,35,2
Oczy lasu,252,35,2
Spaczone przekleństwo krwi,252,35,2
Bliźniacze kroki,252,35,2
Buty leśnego strażnika,252,35,2
Łapska przedziwnych anomalii,254,35,1
Czarci chwyt,254,35,1
Naszyjnik złotych płatków,250,35,1
Amulet tysiącleci,252,35,2
Księżycowe fatum,252,35,2
Wisior czerwonego słońca,252,35,1
Armet smoczego rycerza,280,38,1
Barbuta gwardii kapłańskiej,280,38,1
Barbuta gwardii Chaegda,280,38,1
Buty smoczych jeźdźców,282,38,1
Ametystowe oko arcykapłana,282,38,1
Mroźny obłok,285,39,3
Więzienie chłodu,285,39,3
Sople Szczęścia,285,39,3
Dawna lisia ochrona,25,13,4
Lisia ochrona,25,13,4
Czaszkowa korona Nahdoo,25,13,4
Dawny naszyjnik przebiegłej lisicy,25,13,4
Naszyjnik przebiegłej lisicy,25,13,4
Dawna zwiewna peleryna herosa,35,14,4
Zwiewna peleryna herosa,35,14,4
Przyłbica zimowego króla,30,13,4
Kamuflaż bałwana kryminalisty,30,13,4
Jemiołowe uszy,30,13,4
Głowochron małpiego strzelca I,30,13,4
Kask małpiej rozwagi I,30,13,4
Oczy małpiego szaleństwa I,30,13,4
Atrybut małpiego króla I,30,13,4
Maska małpiego asasyna I,30,13,4
Rogi małpiej odwagi I,30,13,4
Hełm bagiennego upiora,30,13,4
Rycerska przyłbica,30,13,4
Szczurzy ryjek,30,13,4
Skradziony dziurawy cylinder,30,13,4
Dziurawy cylinder,30,13,4
Kaptur snu wiecznego,35,14,4
Kozaki Wampira z Ithan,30,13,4
Papucie Wombata Andrzeja,30,13,4
Ślubne buty Dena,30,13,4
Buty poległego yokai I,30,13,4
Skarpetki Mrocznego Patryka,31,13,4
Buty córki leśniczego,35,14,4
Drept tucznika,35,14,4
Obuwie szybkiego rozbiegu,35,14,4
Buty Włóczykija,35,14,4
Rękawice kociego szału,30,13,4
Bransolety potęgi Patryka,31,13,4
Igły Czasu,35,14,4
Szpony chłodnego serca,39,14,4
Pięści migocących gwiazd,39,14,4
Lśnienie pierwszej gwiazdki,39,14,4
Atrybut zamarzniętego rycerza,39,14,4
Igła ze Stogu Siana,35,14,4
Igła Nieszczęścia,35,14,4
Kolia prawdziwego Konga I,30,13,4
Deszczowy amulet,30,13,4
Naszyjnik ogniomistrza,35,14,4
Pamiątka z przeklętej wyspy,35,14,4
Piracka ozdoba,35,14,4
Oblicze bestii,36,14,4
Tarcza walecznego wilka,48,15,4
Przyłbica maślanego króla,40,14,4
Maska z czerstwego piernika,40,14,4
Nagłowowa babka czekoladowa,40,14,4
Hełm podwodnej przygody I,40,14,4
Królewska korona VI,40,14,4
Kapelusz Siedmiu Mórz,40,14,4
Kokosznik Śnieżnej Damy,45,15,4
Szyszak mroźnego pobratymca,45,15,4
Korona pogardy,45,15,4
Skradziony hełm intruza,48,15,4
Porzucony hełm intruza,48,15,4
Cholewy córki pastora,40,14,4
Kozaki młodego żołnierza,40,14,4
Krwistoczerwone trzewiki,40,14,4
Wezwanie nienasyconego głodu,40,14,4
Podeszwy wylewającej rzeki I,40,14,4
Przelot sokoła I,40,14,4
Krok zdobywcy piramid I,40,14,4
Czujność szakala I,40,14,4
Pośmiertne obuwie faraona I,40,14,4
Kąsanie krokodyla I,40,14,4
Łapy odlane ze złota,45,15,4
Skrzydła lasu,45,15,4
Skarb głębokiej kniei,45,15,4
Puchówki mocarnego tąpnięcia,45,15,4
Kamasze zaklętego puchu,45,15,4
Trzewiki dalekich kicnięć,45,15,4
Mikołajowe papucie,48,15,4
Rękawice życia i śmierci I,40,14,4
Mankiety lodowego tkacza,40,14,4
Rozgrzewające rękawice jeźdźca,40,14,4
Skostniały metal wojownika,40,14,4
Krucze naramienniki pamięci,40,14,4
Krucze naramienniki pragnienia,40,14,4
Krucze naramienniki myśli,40,14,4
Królewskie rękawice VI,40,14,4
Skręcikarki,45,15,4
Morderczy chwyt demona,45,15,4
Błyskotka Kolgi,40,14,4
Kamień zatrutego ciosu,40,14,4
Klejnot północnych wichrów,40,14,4
Pierścień krwawego pióra,40,14,4
Serce Alicji,40,14,4
Monstrum z północy,43,14,4
Monstrum z zachodu,43,14,4
Monstrum z południa,43,14,4
Monstrum ze wschodu,43,14,4
Sygnet przebiśniegu,46,15,4
Błyskotka kocura,49,15,4
Cymofan,49,15,4
Kocie oko,49,15,4
Łamacz brzasku,40,14,4
Wola kociej kurki,40,14,4
Skradziony króliczy ogonek,40,14,4
Króliczy ogonek,40,14,4
Obroża siewcy zniszczenia,45,15,4
Hełm wyniosłości,55,16,4
Maska pychy,55,16,4
Zasłona arogancji,55,16,4
Dostojne buty królewskiej osłony I,50,15,4
Kamasze królewskiej szarży I,50,15,4
Przemarsz wiosennych soków,51,15,4
Podeszwy przebudzonego życia,51,15,4
Kroki bujnej zieleni,51,15,4
Morska asystentka I,50,15,4
Rybie sztandary I,50,15,4
Łuskołapki I,50,15,4
Uścisk niespokojnej fali I,50,15,4
Pluszowy żarłacz I,50,15,4
Czarne płetwy I,50,15,4
Zemsta na komarach,50,15,4
Uścisk z niespodzianką,50,15,4
Parząca zabawka małpy,50,15,4
Nagroda największego psotnika,50,15,4
Ceremonialne klamry fanatyka,50,15,4
Smocze rozszarpanie,50,15,4
Uścisk wiecznej zmarzliny,50,15,4
Dawne rękawice lodowatego sługi,55,16,4
Dawne pazury śnieżnej zmory,55,16,4
Dawne lodowe pięści mroźnego,55,16,4
Dawne łapacze spadających sopli,55,16,4
Dawne owijacze strażnika przerębli,55,16,4
Dawny lekki chwyt zawieruchy,55,16,4
Lekki chwyt zawieruchy,55,16,4
Pazury śnieżnej zmory,55,16,4
Rękawice lodowatego sługi,55,16,4
Lodowe pięści mroźnego,55,16,4
Owijacze strażnika przerębli,55,16,4
Łapacze spadających sopli,55,16,4
Muszelka urodziwej syreny I,50,15,4
Ślepak,50,15,4
Obrączka Lusgrathery,50,15,4
Pierścień czempiona hordy,50,15,4
Wyłupiaste oko praorka,50,15,4
Skrzydła męstwa,53,15,4
Skrzydła sprawiedliwości,53,15,4
Skrzydła umiarkowania,53,15,4
Skrzydła roztropności,53,15,4
Przeklęta pieczęć,55,16,4
Pieczęć wspomagania,55,16,4
Pieczęć ostatniego ratunku,55,16,4
Esencja bestii,57,16,4
Halucynogenne oko grzyba,50,15,4
Złote piórko kapłana,50,15,4
Wieniec lodowych nacieków,50,15,4
Wieniec z ostrokrzewu,50,15,4
Oko Strażnika Ładu,50,15,4
Zestaw mistrza kamuflażu,50,15,4
Kolia jesiennego zamierania,51,15,4
Kły cukrowego demona,55,16,4
Symbol wiecznej próchnicy,55,16,4
Laska z arcycukru,55,16,4
Kolia genialnego cukiernika,55,16,4
Pożegnanie z małpiszonem,60,16,4
Kapuza błękitnego wilkołaka,60,16,4
Wór na łeb,60,16,4
Złodziej emocji,60,16,4
Karmazynowy kaptur kostuchy,60,16,4
Czapka łowcy legend,60,16,4
Korona Iluignegil,60,16,4
Królewska korona I,60,16,4
Kapelusz komandora,60,16,4
Ciężki chód strażnika I,60,16,4
Krokodylki,60,16,4
Klapki nadzwyczajnego wypoczynku,60,16,4
Kalosze złotem zdobione,60,16,4
Limonkowe gumiaki,60,16,4
Lazurowe buty bóstwa Iluignegil,60,16,4
Hebanowa proteza,60,16,4
Buty ocalałego spod Troi,65,17,4
Trzewiki boskiego posłańca,65,17,4
Obuwie czynów nadzwyczajnych,65,17,4
Rękawiczki warzenia eliksirów,60,16,4
Ochronne rękawice elfa,60,16,4
Kocie pazurki,60,16,4
Królewskie rękawice I,60,16,4
Piąstki skałoluba,63,16,4
Malachitowe osłony rzemieślnika,63,16,4
Dyrygentki drogi tworzenia,63,16,4
Serdeczny uścisk alchemika,63,16,4
Ziomziąbowe rękawice Ziomziąba,65,17,4
Kwiecie Pożogi I,60,16,4
Prapotęga Natury I,60,16,4
Oko Czasu I,60,16,4
Kropla Rozkładu I,60,16,4
Słońce Zaświatów I,60,16,4
Boska Łuna I,60,16,4
Entropia,60,16,4
Penetrator kanałów zębowych,62,16,4
Smakosz zainfekowanej miazgi,62,16,4
Trofeum upiornego dentysty,62,16,4
Klątwa obumarłych dziąseł,62,16,4
Rytualny banan,60,16,4
Kolia żałobnych bombek,64,16,4
Łańcuch z bańkami,64,16,4
Sine kule,64,16,4
Skradziony łańcuch Ziomziąba,65,17,4
Łańcuch Ziomziąba,65,17,4
Pierwsze kwiaty wiosny,66,17,4
Głowochron małpiego strzelca II,70,17,4
Kask małpiej rozwagi II,70,17,4
Oczy małpiego szaleństwa II,70,17,4
Atrybut małpiego króla II,70,17,4
Maska małpiego asasyna II,70,17,4
Rogi małpiej odwagi II,70,17,4
Jajoszyszak,70,17,4
Wielkanocna kopuła,70,17,4
Złoty hełm gdakania,70,17,4
Królicze kuriozum,70,17,4
Kapelusz władcy wiatru,70,17,4
Kaptur czarnej magii,70,17,4
Czaszka nieumarłego wojownika,70,17,4
Szelest zaklinaczy,75,18,4
Patronat Le Guinee,75,18,4
Śpiewko,79,18,4
Gniewko,79,18,4
Płaczko,79,18,4
Śmieszko,79,18,4
Buty kolekcjonera dusz,70,17,4
Krwawy spacer wędrowca,70,17,4
Podeszwy przeklętych szeptów,70,17,4
Buty poległego yokai II,70,17,4
Ciężkie lodowce Zamroza,70,17,4
Zamrozowe śniegówki,70,17,4
Chwyt głębinowy,70,17,4
Szpony shui gui,70,17,4
Rękawice przeklętego cyklu,70,17,4
Rękawice połączenia z zaświatami,73,17,4
Klątwa halnego wiatru,75,18,4
Południowe powiewy,75,18,4
Palce z Wichrowych Wzgórz,75,18,4
Rączograbieżna Siła Rewolwerowca,75,18,4
Rączograbieżna Szybkość Bandyty,75,18,4
Rączograbieżna Lekkość Uniku,75,18,4
Jadeitowy sygnet Ahuizotla,70,17,4
Pierścień identyfikacji zwłok,70,17,4
Błogosławieństwo bogów deszczu,70,17,4
Kłamstwo bestii,70,17,4
Kolia prawdziwego Konga II,70,17,4
Pamiątka pierwszego małżeństwa,70,17,4
Wdowi naszyjnik,70,17,4
Wisior zbłąkanej duszy,70,17,4
Talizman wężowego podstępu,70,17,4
Błogosławieństwo Mackobrodego,85,19,4
Podgrzybi hełm przygody,80,18,4
Hełm podwodnej przygody II,80,18,4
Rudowłosa dama,80,18,4
Cukrowa maska mafioso,80,18,4
Makijaż wieczorowy,80,18,4
Dzieło wybitnego lalkarza,80,18,4
Maska z niewypieczonego ciasta,82,18,4
Hełm upadłej wróżki,82,18,4
Królewska korona VII,85,19,4
Korsarska kapitanka,85,19,4
Podeszwy wylewającej rzeki II,80,18,4
Przelot sokoła II,80,18,4
Krok zdobywcy piramid II,80,18,4
Czujność szakala II,80,18,4
Kąsanie krokodyla II,80,18,4
Pośmiertne obuwie faraona II,80,18,4
Żabie skoki,80,18,4
Podeszwy czarnej magii,80,18,4
Błazeńskie podrygi,80,18,4
Dawne buty plecione z kamiennego bluszczu,83,18,4
Dawne buty plecione z trującego bluszczu,83,18,4
Dawne buty plecione z magicznego bluszczu,83,18,4
Buty plecione z magicznego bluszczu,83,18,4
Buty plecione z trującego bluszczu,83,18,4
Buty plecione z kamiennego bluszczu,83,18,4
Złote kupieckie podeszwy,85,19,4
Rękawice życia i śmierci II,80,18,4
Zwęglone łapy Hefajstosa,80,18,4
Dotyk matrony,85,19,4
Rękawice z Tass Zhil,85,19,4
Pamięć porażki,85,19,4
Królewskie rękawice VII,85,19,4
Zaklęta dusza grzybiarza,80,18,4
Oczko Duvy,80,18,4
Demoniczne nasienie,80,18,4
Ziarno zniszczenia,80,18,4
Pestka demonicznego siewcy,80,18,4
Oko magmy,80,18,4
Najsłodsza z landrynek,83,18,4
Potęga niebieskich migdałów,83,18,4
Symbol szokującej kwaśności,83,18,4
Klejnot żywiołu powietrza,80,18,4
Klejnot żywiołu ognia,80,18,4
Klejnot żywiołu wody,80,18,4
Klejnot żywiołu ziemi,80,18,4
Medalion Rag,80,18,4
Medalion Na,80,18,4
Medalion Rok,80,18,4
Czerep pożeraczki umarłych,95,20,4
Przyłbica wielkiego grzesznika,95,20,4
Głodowa furia Ammit,95,20,4
Żaroodporne podeszwy,92,19,4
Buty nadwornego jajcarza,92,19,4
Karkołomne buciory,92,19,4
Morska asystentka II,90,19,4
Rybie sztandary II,90,19,4
Łuskołapki II,90,19,4
Uścisk niespokojnej fali II,90,19,4
Pluszowy żarłacz II,90,19,4
Czarne płetwy II,90,19,4
Zacisk chluby plemienia,90,19,4
Pięści futrzanej zemsty,93,19,4
Zmutowane łapy królikoluda,93,19,4
Chwyt króliczego czarnoksiężnika,93,19,4
Muszelka urodziwej syreny II,90,19,4
Lodowe skrzydełka,91,19,4
Kryształowy smok,91,19,4
Klątwa leśnej niezapominajki,90,19,4
Podstęp kwitnącej trzmieliny,90,19,4
Opieka jaskółczego ziela,90,19,4
Hipnotyzująca tafla fantasmagorii,90,19,4
Zbroja z łusek smoka,100,20,4
Pancerz marazmu,107,21,4
Kapelusz finezji trapera,100,20,4
Kapelusz wzorowości adiutanta,100,20,4
Kapelusz magicznej kapituły,100,20,4
Głowa Marzanny,102,20,4
Ciężki chód strażnika II,100,20,4
Dostojne buty królewskiej osłony II,100,20,4
Kamasze królewskiej szarży II,100,20,4
Obuwie z ludzkiej skóry,105,21,4
Taneczne poskromienie,105,21,4
Sekret eleganckiej rzezi,105,21,4
Złote trzewiki Antonelli,105,21,4
Łapy wymierzonej sprawiedliwości,101,20,4
Palce wydanego wyroku,101,20,4
Łuski smoczego prawa,101,20,4
Dłonie przewertowanych kodeksów,101,20,4
Kwiecie Pożogi II,100,20,4
Prapotęga Natury II,100,20,4
Oko Czasu II,100,20,4
Kropla Rozkładu II,100,20,4
Słońce Zaświatów II,100,20,4
Boska Łuna II,100,20,4
Persten Vsadnika,100,20,4
Zimneye Koltso,100,20,4
Bezdelushka Voina,100,20,4
Oczodoły wilczej dominacji,105,21,4
Nadpróchniała wilcza czacha,105,21,4
Wilcza ekstaza,105,21,4
Duch praprzodków,100,20,4
Oko peyotla,100,20,4
Serce stepowe,100,20,4
Luźne szaty Marzanny,112,21,4
Głowochron małpiego strzelca III,110,21,4
Kask małpiej rozwagi III,110,21,4
Oczy małpiego szaleństwa III,110,21,4
Atrybut małpiego króla III,110,21,4
Maska małpiego asasyna III,110,21,4
Rogi małpiej odwagi III,110,21,4
Czapka wysokiego diapazonu,110,21,4
Królewska czapka,110,21,4
Czapa prowokatora,110,21,4
Korona Famaimg,110,21,4
Nakrycie mrożącego tchnienia,110,21,4
Przewiewny kaptur mroziciela,110,21,4
Szyszak polarnej gwardii,110,21,4
Kapuza lodowego ostrza,110,21,4
Łeb zamarzniętego giganta,110,21,4
Czapa śnieżnego miotacza,110,21,4
Królewska korona II,110,21,4
Słoneczne rogi,114,21,4
Czciciel solarnych bóstw,114,21,4
Czapa z białego bizona,114,21,4
Obuwie na długie wyprawy,110,21,4
Buty poległego yokai III,110,21,4
Lazurowe buty bóstwa Famaimg,110,21,4
Potęga mrozu Lodoszrenia,110,21,4
Rakiety śnieżne Lodoszrenia,110,21,4
Bombowe buty,112,21,4
Królewskie rękawice II,110,21,4
Gwiazdkowe pięści krzepy,111,21,4
Muśnięcie Magii Świąt,111,21,4
Jodłowe łapawice mrozu,111,21,4
Złoty czubek,110,21,4
Gwiazda północy,110,21,4
Świąteczna pieczęć krzyżowca,110,21,4
Obrączka odrzuconych zaręczyn,111,21,4
Kolia prawdziwego Konga III,110,21,4
Pieczęć absorbująca,110,21,4
Samotnia homunculusa,112,21,4
Skarb sprzedawcy Daja,112,21,4
Bajo Jajo,112,21,4
Oko zamieci,115,22,4
Piękno zorzy polarnej,115,22,4
Medalion północnego władcy,115,22,4
Osłona Lodoszrenia,120,22,4
Hełm podwodnej przygody III,120,22,4
Maska Uciszonego,120,22,4
Misiurka bałwaniastego osiłka,120,22,4
Trofeum stepowych myśliwych,125,23,4
Rogata czapka z krainy snów,125,23,4
Czerep łowcy bizonów,125,23,4
Podeszwy wylewającej rzeki III,120,22,4
Przelot sokoła III,120,22,4
Krok zdobywcy piramid III,120,22,4
Czujność szakala III,120,22,4
Kąsanie krokodyla III,120,22,4
Pośmiertne obuwie faraona III,120,22,4
Podeszwy gniewnych wyładowań,120,22,4
Stąpanie wzburzonej tafli,120,22,4
Futrzane cholewy nawałnicy,120,22,4
Mocarne buty Lodoszrenia,120,22,4
Złote słomiane cholewy,122,22,4
Wiedźmoszłapy ucieczki,123,22,4
Uśmiechnięte mankiety,120,22,4
Oczy dookoła dłoni,120,22,4
Zapasowa szczęka wampira,120,22,4
Czarne podglądaczki,120,22,4
Rękawice życia i śmierci III,120,22,4
Rozbryzg smoczej posoki,120,22,4
Strzępki smoczej skóry,120,22,4
Dłonie czaru i makabry,120,22,4
Życiodajny chwyt Nagduga,120,22,4
Uścisk trzech zwoi,120,22,4
Dłonie słonecznych promieni,127,23,4
Oko cukrowej śpiączki,120,22,4
Pianka na szczęście,120,22,4
Sygnet z najsłodszą pianką,120,22,4
Różowy smakołyk,120,22,4
Pierścień Blodughaddy,120,22,4
Szpat nithalski,120,22,4
Lodowe serce,120,22,4
Wielkocielski pęd,120,22,4
Gepardzia tężyzna,120,22,4
Antypsi amulet Archimedesa,120,22,4
Naszyjnik pogromcy potworów,120,22,4
Ozdobne wnyki,130,23,4
Hełm baroku i uroku,130,23,4
Małpia ochrona niczym korona,130,23,4
Przyłbica co prąd przemyca,130,23,4
Królewska korona VIII,135,24,4
Obuwie dojrzałej wiśni,130,23,4
Podeszwy żniwiarza,130,23,4
Buty końca żywota,130,23,4
Morska asystentka III,130,23,4
Rybie sztandary III,130,23,4
Łuskołapki III,130,23,4
Uścisk niespokojnej fali III,130,23,4
Pluszowy żarłacz III,130,23,4
Czarne płetwy III,130,23,4
Obręcze ognistego bóstwa,130,23,4
Szarpifale Posejdona,130,23,4
Koralowce Tahevoixa,130,23,4
Lagunowe wspomnienie Tahevoixa,130,23,4
Magmowe rękawice Tahevoixa,130,23,4
Królewskie rękawice VIII,135,24,4
Bojowe rękawice kuchenne,137,24,4
Para słodkich łapek,137,24,4
Uścisk podstępnej słodyczy,137,24,4
Kryształowe mankiety,137,24,4
Muszelka urodziwej syreny III,130,23,4
Truflowa niespodzianka,130,23,4
Pierścień przyszłości,130,23,4
Pierścień teraźniejszości,130,23,4
Pierścień przeszłości,130,23,4
Oko wrzących głębin,130,23,4
Złodziej sił życiowych,130,23,4
Medalion zesztywnienia,130,23,4
Trumienny amulet,130,23,4
Czaszka gasząca słońce,130,23,4
Inkluz rubinowy,130,23,4
Inkluz ametystowy,130,23,4
Szmaragdowe serce Szczypionki,135,24,4
Złoty amulet Szczypionki,135,24,4
Rubinowy naszyjnik Szczypionki,135,24,4
Hełm orczej wiedźmy,140,24,4
Lodowy hełm kapłana,140,24,4
Hełm bilokacji,140,24,4
Złoty zwiastun Elancji,143,24,4
Łepetyna zagranicznego umarlaka,143,24,4
Elanckie więzienie umysłu,143,24,4
Kask z zamorskiej krainy,143,24,4
Królewska przyłbica Porfyriona,145,25,4
Hełm celności Oriona,145,25,4
Pozłacany hełm Klytiosa,145,25,4
Ciężki chód strażnika III,140,24,4
Kamasze wyściełane sierścią hybrydy,140,24,4
Lodowe kolce trapera,140,24,4
Zamszowe kozaki myśliwego,140,24,4
Pożyczone chwarne tulżytąpię Żaberzwłoka,140,24,4
Skradzione chwarne tulżytąpię Żaberzwłoka,140,24,4
Chwarne tulżytąpię Żaberzwłoka,140,24,4
Jajeczny ślizg,141,24,4
Bezowe botki,141,24,4
Potęga białka,141,24,4
Oficerki Marynarki Królewskiej,145,25,4
Trepy pylącej leszczyny,147,25,4
Puch łowcy słodyczy,140,24,4
Uścisk waty cukrowej,140,24,4
Słodki skarb Ewy,140,24,4
Rękawice z cukrowych obłoków,140,24,4
Ogniste chwytaki księżniczki,145,25,4
Palce Śmieszki,145,25,4
Rękawice perfekcyjnej pani domu,145,25,4
Nierozerwalny uścisk Krasza,145,25,4
Przeklęty chwyt Krasza,145,25,4
Puchowy dotyk Krasza,145,25,4
Tajemnicze karwasze,145,25,4
Sygnet seryjnego mordercy,140,24,4
Pamiątka z mordu,140,24,4
Błyskotka recydywisty,140,24,4
Symbol krwawej rzezi,140,24,4
Kwiecie Pożogi III,140,24,4
Prapotęga Natury III,140,24,4
Oko Czasu III,140,24,4
Kropla Rozkładu III,140,24,4
Słońce Zaświatów III,140,24,4
Boska Łuna III,140,24,4
Sygnet Hieny Cmentarnej,140,24,4
Sygnet Celnego Oka,140,24,4
Sygnet Złodzieja Bydła,140,24,4
Pogodynka,140,24,4
Kolia Eilistraee,140,24,4
Duma Władcy Cieni,140,24,4
Lśniąca tafla przywódcy,140,24,4
Boski Hołd,144,24,4
Podobizna zmarłego faraona,144,24,4
Opieka antycznych insektów,144,24,4
Lodowa piękność,145,25,4
Pech gubernatora,145,25,4
Topór Śnieżryna,155,26,4
Nietypowa peruka syreny,150,25,4
Władca mórz i oceanów,150,25,4
Potwór z morskich głębin,150,25,4
Bursztynowa ośmiorniczka,150,25,4
Głowochron małpiego strzelca IV,150,25,4
Kask małpiej rozwagi IV,150,25,4
Oczy małpiego szaleństwa IV,150,25,4
Atrybut małpiego króla IV,150,25,4
Maska małpiego asasyna IV,150,25,4
Rogi małpiej odwagi IV,150,25,4
Maska antyrozbłyskowa,150,25,4
Gogle wiecznej gehenny,150,25,4
Zaginiona przyłbica Worundriela,150,25,4
Okulary pirotechniki,150,25,4
Złotorożec,150,25,4
Krok rozdzierający góry,150,25,4
Wezwanie górskich lawin,150,25,4
Złota podobizna alpinisty,150,25,4
Buty poległego yokai IV,150,25,4
Dostojne buty królewskiej osłony III,150,25,4
Kamasze królewskiej szarży III,150,25,4
Kolizjołamacze,150,25,4
Latorośl Yggdrasil,155,26,4
Pnącza Yggdrasil,155,26,4
Korzenie Yggdrasil,155,26,4
Rękawiczki Cud Miód,157,26,4
Paluszki Mioduszki,157,26,4
Lepkie rączki bartnika,157,26,4
Jedyne kwiecie,150,25,4
Jagoda zmiennokształtności,150,25,4
Tajemnica kniei,150,25,4
Kolczaste serce Strzygi,150,25,4
Zaklęte oko Strzygi,150,25,4
Ogniste serce,155,26,4
Kolia prawdziwego Konga IV,150,25,4
Symbol starości,150,25,4
Więzienie ognistej duszy,160,26,4
Blacha nieumarłego,160,26,4
Oczy magmy,160,26,4
Hełm podwodnej przygody IV,160,26,4
Korona Mufteroin,160,26,4
Kapelusz mroźnego druida,160,26,4
Łeb śnieżnego wilkołaka,160,26,4
Krystaliczna osłona zmiennocieplnego,160,26,4
Kaptur chłodnych szczytów,160,26,4
Ocieplany hełm zahartowanego,160,26,4
Głowa lodowatego lorda,160,26,4
Królewska korona III,160,26,4
Podeszwy wylewającej rzeki IV,160,26,4
Przelot sokoła IV,160,26,4
Krok zdobywcy piramid IV,160,26,4
Czujność szakala IV,160,26,4
Pośmiertne obuwie faraona IV,160,26,4
Kąsanie krokodyla IV,160,26,4
Ozdobne pantofle,160,26,4
Obuwie szybkiego zawracania,160,26,4
Arystokratyczne buty,160,26,4
Lazurowe buty bóstwa Mufteroin,160,26,4
Zabawka psychopaty,164,26,4
Ujadające cholewy,164,26,4
Podeszwy cichego obserwatora,164,26,4
Para szczekających buciorów,164,26,4
Cholewy boskiej kary,167,27,4
Rękawice życia i śmierci IV,160,26,4
Kurze łapki,160,26,4
Pogromcy maszkar,160,26,4
Rękawice poganiacza krów,160,26,4
Królewskie rękawice III,160,26,4
Sygnet Bary,160,26,4
Złoto Andaryjskie,165,27,4
Kwiecista Ozdoba,165,27,4
Smocza Grdyka,165,27,4
Sygnet lodowego serca,167,27,4
Obrączka wiecznego głodu,167,27,4
Czaszka mrocznego puffa,160,26,4
Pył z pioruna,160,26,4
Skrzydlata śmierć,160,26,4
Rosa chłodnej krwi,160,26,4
Pamiątka świątecznej egzekucji,165,27,4
Prezent z Nawiedzonych Kazamat,165,27,4
Duch praorczych świąt,165,27,4
Malachitowa obroża Chestera,165,27,4
Kobaltowa obroża Chestera,165,27,4
Wiśniowa obroża Chestera,165,27,4
Dawna magiczna szata kleryka,170,27,4
Magiczna szata kleryka,170,27,4
Bojowa czapa Mikołaja,173,27,4
Głęboki kaptur Mikołaja,173,27,4
Kapelusz zdobiony przeklętym złotem,175,28,4
Czapa grajka pokładowego,175,28,4
Chusta wilka morskiego,175,28,4
Mikołajowe kozaki,173,27,4
Morska asystentka IV,170,27,4
Rybie sztandary IV,170,27,4
Łuskołapki IV,170,27,4
Uścisk niespokojnej fali IV,170,27,4
Pluszowy żarłacz IV,170,27,4
Czarne płetwy IV,170,27,4
Dotyk Xipe Totec,170,27,4
Muśnięcie niewolące umysł,170,27,4
Tknięcie łagodzące duszę,170,27,4
Dotyk palący serce,170,27,4
Chwyt dekoratora choinek,179,28,4
Dotyk iskrzącego igliwia,179,28,4
Lodowe łapy osiłka,179,28,4
Palce pani mrozu,179,28,4
Muszelka urodziwej syreny IV,170,27,4
Kolia pierwotnego błysku,170,27,4
Amulet Wścibskiego Klechy,175,28,4
Amulet Poskramiacza Bladych Twarzy,175,28,4
Amulet Tańczącej Prerii,175,28,4
Lodowa tarcza Zamroza,180,28,4
Ceramiczna micha,180,28,4
Klasyczny kapelusz mykologa,180,28,4
Skradziony kapelusz potwornego ogrodnika,180,28,4
Kapelusz potwornego ogrodnika,180,28,4
Kapelusz Kozaka Rozbójniczka,185,29,4
Księżycowa maska Leszego,185,29,4
Pysk Mithrylowej Łapy,185,29,4
Królewska korona IX,185,29,4
Ciężki chód strażnika IV,180,28,4
Kozaki utkane z konarów,180,28,4
Omszałe kopyta,180,28,4
Pamiątka leśnego denata,180,28,4
Oszronione buty Zamroza,180,28,4
Cholewy ostatnich przymrozków,189,29,4
Tupot zimnych ogrodników,189,29,4
Pantofle odchodzącej zimy,189,29,4
Dyrygentki grzybiej armii,180,28,4
Dyrygentki ruchów górotwórczych,180,28,4
Palcozgniotki,182,28,4
Królewskie rękawice IX,185,29,4
Wielosezonowe rękawice Kapitana,187,29,4
Kwiecie Pożogi IV,180,28,4
Prapotęga Natury IV,180,28,4
Oko Czasu IV,180,28,4
Kropla Rozkładu IV,180,28,4
Słońce Zaświatów IV,180,28,4
Boska Łuna IV,180,28,4
Klejnot Królowej Lasu,180,28,4
Obrączka małych grzeszków,180,28,4
Sygnet Tybyjskiego Zwierza,180,28,4
Oko Matki Ziemi,180,28,4
Sygnet pierwotnego mutagenu,180,28,4
Symbol dumy królikoluda,180,28,4
Pieczęć błękitnej mutacji,180,28,4
Pazur strażnika upraw,186,29,4
Draśnięcie nocnych przymrozków,186,29,4
Szpon nieskończonych koszmarów,186,29,4
Sztuczny paznokieć ogrodnika,186,29,4
Stara Baba,180,28,4
Trupie wahadełko,180,28,4
Pośmiertna ozdoba denatki,180,28,4
Necromanterius,180,28,4
Martwy dekolt upiorzycy,180,28,4
Apokaliptyczny motyl,180,28,4
Lśniąca pieczęć Ammusa,180,28,4
Skrzydła demonicznego obłędu,180,28,4
Głowochron małpiego strzelca V,190,29,4
Kask małpiej rozwagi V,190,29,4
Oczy małpiego szaleństwa V,190,29,4
Atrybut małpiego króla V,190,29,4
Maska małpiego asasyna V,190,29,4
Rogi małpiej odwagi V,190,29,4
Bandana kapitana Wróbla,190,29,4
Buty poległego yokai V,190,29,4
Ciężkie buciory Ultravoxa,190,29,4
Manotwórcze tąpnięcie Ultravoxa,190,29,4
Destrukcyjna zwinność Ultravoxa,190,29,4
Buty pogromcy nieumarłych,195,30,4
Zwinne trzewiki władców magii,195,30,4
Kościane osłony wojowników,195,30,4
Rękawice cudu życia,190,29,4
Szpony demonicznej kobiety,190,29,4
Dłonie rwące brzuch,190,29,4
Pożyczone rękawice zimnego dotyku,190,29,4
Rękawice zimnego dotyku,190,29,4
Pazury gryficy,195,30,4
Aztecka Czaszka,190,29,4
Odrodzenie pikantnej Habanero,195,30,4
Złotoryja,195,30,4
Sygnet bezwzględnej Caroliny,195,30,4
Pąk czaszkokrzewu,195,30,4
Kolia prawdziwego Konga V,190,29,4
Chciwość bladych twarzy,190,29,4
Serce ducha podziemi,190,29,4
Oko boga deszczu,190,29,4
Talizman śnieżnej damy,190,29,4
Busola przeznaczenia,190,29,4
Zasłona lodowego strażnika,200,30,4
Hełm błękitnej istoty,200,30,4
Kaptur nieszczęśnika,200,30,4
Hełm podwodnej przygody V,200,30,4
Szorstki nikab bokora,200,30,4
Kabalistyczny nikab bokora,200,30,4
Eteryczny nikab bokora,200,30,4
Kapelusz admirała,200,30,4
Podeszwy wylewającej rzeki V,200,30,4
Przelot sokoła V,200,30,4
Krok zdobywcy piramid V,200,30,4
Czujność szakala V,200,30,4
Kąsanie krokodyla V,200,30,4
Pośmiertne obuwie faraona V,200,30,4
Finezyjne stąpanie carycy,200,30,4
Buty wybiórczego rębacza,200,30,4
Złota ochrona boginek,200,30,4
Dostojne buty królewskiej osłony IV,200,30,4
Kamasze królewskiej szarży IV,200,30,4
Noga Krwawego Hanka,200,30,4
Buciska z organiczną wentylacją,202,30,4
Kamasze z oddychającego materiału,202,30,4
Zdegenerowana stópka,202,30,4
Ludzka kosiarka,202,30,4
Buty lodowego wędrowca,205,31,4
Stalowe buty Śnieżryna,205,31,4
Rękawice życia i śmierci V,200,30,4
Kajdany ujarzmienia bestii,200,30,4
Bransolety świeżej posoki,200,30,4
Kaleczące szpony potwora,200,30,4
Obrączka Unn,200,30,4
Zamarznięta krew zwierzyny,200,30,4
Odłamek komety,200,30,4
Sopel ze smoczych łez,200,30,4
Istota bestii,200,30,4
Truskawkowa rozkosz,210,31,4
Czapa wonnej wanilii,210,31,4
Lodowa maska łakomczucha,210,31,4
Korona Rigelibn,210,31,4
Królewska korona IV,210,31,4
Przyłbica profanatora,213,31,4
Hełm inkwizycji,213,31,4
Maska Władcy Czasu,213,31,4
Kryjówka zranionej duszy,210,31,4
Piętno czarnej magii,210,31,4
Lśniący atrybut Legby,210,31,4
Lazurowe buty bóstwa Rigelibn,210,31,4
Morska asystentka V,210,31,4
Rybie sztandary V,210,31,4
Łuskołapki V,210,31,4
Uścisk niespokojnej fali V,210,31,4
Pluszowy żarłacz V,210,31,4
Czarne płetwy V,210,31,4
Pazury krwawej ofiary,210,31,4
Książęce rękawice wielowarstwowe,210,31,4
Królewskie rękawice IV,210,31,4
Muszelka urodziwej syreny V,210,31,4
Doświadczony artysta,210,31,4
Bladolicy naturszczyk,210,31,4
Wybitny komediant,210,31,4
Upiorny aktorzyna,210,31,4
Zaklęta łza,210,31,4
Odznaczenie smoczego jeźdźca,210,31,4
Klejnot straszliwej klątwy,210,31,4
Oko przenikające duszę,210,31,4
Oko przenikające zaświaty,210,31,4
Kapsuła spopielonych marzeń,210,31,4
Żar góralskiego serca,210,31,4
Ozdoba tlących płomieni,210,31,4
Kołatka z dłoni konkwistadorów,210,31,4
Złoty kaftan tytana,225,33,4
Łysy nerwus,220,32,4
Omszały dziad,220,32,4
Strzelisty hełm niebios,220,32,4
Smolisty kaptur ważki,220,32,4
Misa słodkiej rozpusty,225,33,4
Magiczna porcja lodów,225,33,4
Rożek na stożek,225,33,4
Lodowy potwór,225,33,4
Ciężki chód strażnika V,220,32,4
Cacko ithańskiego arystokraty,220,32,4
Przekleństwo wężowego ludu,220,32,4
Skarb z wód Wernoradu,220,32,4
Dawny fangotrzep cwanego rabusia,225,33,4
Dawny fangotrzep whiskyżłopa,225,33,4
Dawny fangotrzep awanturnika,225,33,4
Fangotrzep Cwanego Rabusia,225,33,4
Fangotrzep Whiskyżłopa,225,33,4
Fangotrzep Awanturnika,225,33,4
Kwiecie Pożogi V,220,32,4
Prapotęga Natury V,220,32,4
Oko Czasu V,220,32,4
Kropla Rozkładu V,220,32,4
Słońce Zaświatów V,220,32,4
Boska Łuna V,220,32,4
Andwaranaut,220,32,4
Kolia wschodniej damy,225,33,4
Wisior słoneczny,225,33,4
Kamienna ozdoba,225,33,4
Śniegowa tarcza Śniegucha,230,33,4
Głowochron małpiego strzelca VI,230,33,4
Kask małpiej rozwagi VI,230,33,4
Oczy małpiego szaleństwa VI,230,33,4
Atrybut małpiego króla VI,230,33,4
Maska małpiego asasyna VI,230,33,4
Rogi małpiej odwagi VI,230,33,4
Królewska korona X,235,34,4
Turban mędrca Kogla Mogla,238,34,4
Bocianie gniazdo,238,34,4
Korona mistrza jajecznicy,238,34,4
Buty poległego yokai VI,230,33,4
Miotacze zeusowych piorunów,230,33,4
Oczeretowe pazury maddoka,231,33,4
Królewskie rękawice X,235,34,4
Oko cyklonu,230,33,4
Żółte oko zimy,230,33,4
Czarna Wdowa,235,34,4
Ptasznik Zdobiony,235,34,4
Sieciarz Jaskiniowy,235,34,4
Kolia prawdziwego Konga VI,230,33,4
Medalion nocnej przemiany,230,33,4
Symbol krwawego żerowania,230,33,4
Amulet odrzuconych amorów,230,33,4
Naszyjnik wiecznego głodu,230,33,4
Łza Śniegucha,230,33,4
Brzytwa Królowej Anny,240,34,4
Legitna czapeczka,240,34,4
Zasłona sprawiedliwego,240,34,4
Dachówka,240,34,4
Regulaminowy hełm,240,34,4
Hełm podwodnej przygody VI,240,34,4
Kaptur potępienia nieprawości,240,34,4
Diabelski Kapelusz Tracza,240,34,4
Podeszwy wylewającej rzeki VI,240,34,4
Przelot sokoła VI,240,34,4
Krok zdobywcy piramid VI,240,34,4
Czujność szakala VI,240,34,4
Pośmiertne obuwie faraona VI,240,34,4
Kąsanie krokodyla VI,240,34,4
Słodycz popełnionej zbrodni,240,34,4
Czarne ulepki,240,34,4
Podeszwy cukrowej śpiączki,240,34,4
Kamasze wabiącej słodyczy,240,34,4
Trepy bezkresnej wiary,240,34,4
Dar niebios,240,34,4
Obuwie wysokiego kapłana,240,34,4
Kapitańskie podeszwy,240,34,4
Rękawice życia i śmierci VI,240,34,4
Sine palce rusałki,240,34,4
Wiekowa mądrość sowy,240,34,4
Szmaragdowe przeklęte pazury,240,34,4
Złotko Himinglavy,240,34,4
Źródło smoczego ognia,240,34,4
Bulbulator,242,34,4
Nabulgotnica,242,34,4
Cycykator,242,34,4
Kieł królika mutanta,240,34,4
Łapka królika mutanta,240,34,4
Kolia królika mutanta,240,34,4
Hełm przybocznego Aresa,255,36,4
Maska odwetu Fobosa,255,36,4
Zasłonięte oblicze Eris,255,36,4
Wcielenie animizmu,250,35,4
Rogate buty przodków,250,35,4
Nogawice z duszą bizona,250,35,4
Lodowe czubki,253,35,4
Cholewy z zamarzniętej ziemi,253,35,4
Lodołamacze,253,35,4
Kociołapie imitatory,255,36,4
Morska asystentka VI,250,35,4
Rybie sztandary VI,250,35,4
Łuskołapki VI,250,35,4
Uścisk niespokojnej fali VI,250,35,4
Pluszowy żarłacz VI,250,35,4
Czarne płetwy VI,250,35,4
Palce kataklizmu,250,35,4
Małpie figle Ikeruz,255,36,4
Kajdany małpiego rozumu,255,36,4
Małpia sztuczka,255,36,4
Trupie rękawice Slimki,255,36,4
Złociste bransolety Slimki,255,36,4
Skórzane rękawice Slimki,255,36,4
Muszelka urodziwej syreny VI,250,35,4
Ryk cienistego sługusa,250,35,4
Skowyt praorka,250,35,4
Skamlenie potępieńca,250,35,4
Wrzask przeklętej duszy,250,35,4
Puls płomiennego serca,250,35,4
Inwokator,250,35,4
Frak Szołmena,265,37,4
Złota glaca,260,36,4
Łysa kobra,260,36,4
Czarująca gadzina,260,36,4
Więzienie rycerskiej duszy,260,36,4
Przesłona największego wroga,260,36,4
Hełm nocnej straży,260,36,4
Korona Nephsalaceruus,260,36,4
Królewska korona V,260,36,4
Ciężki chód strażnika VI,260,36,4
Pośmiertny przemarsz,260,36,4
Spirytualne kozaki,260,36,4
Krwawe obuwie wisielca,260,36,4
Lazurowe buty bóstwa Nephsalaceruus,260,36,4
Rękawiczki kwiecistego szronu,260,36,4
Mitynki szronotwórcy,260,36,4
Dotyk gołoledzi,260,36,4
Pięści Golla,260,36,4
Królewskie rękawice V,260,36,4
Kwiecie Pożogi VI,260,36,4
Prapotęga Natury VI,260,36,4
Oko Czasu VI,260,36,4
Kropla Rozkładu VI,260,36,4
Słońce Zaświatów VI,260,36,4
Boska Łuna VI,260,36,4
Kryształ zatrucia wód,265,37,4
Klucz grobowca chłodu,265,37,4
Symbol przyzwania potworów,265,37,4
Głowochron małpiego strzelca VII,270,37,4
Kask małpiej rozwagi VII,270,37,4
Oczy małpiego szaleństwa VII,270,37,4
Atrybut małpiego króla VII,270,37,4
Maska małpiego asasyna VII,270,37,4
Rogi małpiej odwagi VII,270,37,4
Świąteczny kapelusz,277,38,4
Chód poległych grzybiarzy,270,37,4
Buty poległego yokai VII,270,37,4
Dostojne buty królewskiej osłony V,270,37,4
Kamasze królewskiej szarży V,270,37,4
Magia śniegu Śniegucha,270,37,4
Mroźna ucieczka Śniegucha,270,37,4
Grobowce,275,38,4
Trumniaki,275,38,4
Cmentarniaki,275,38,4
Pogrzebowce,275,38,4
Ścisk ruchliwego muchomora,270,37,4
Uścisk rafy Zollerabena,270,37,4
Rękawice atolu Zollerabena,270,37,4
Lakolitowe rękawice Zollerabena,270,37,4
Tajemniczy zielony cukierek,270,37,4
Tajemniczy czerwony cukierek,270,37,4
Tajemniczy niebieski cukierek,270,37,4
Tajemniczy fioletowy cukierek,270,37,4
Sekret morskiej toni,270,37,4
Kapitańska zagwozdka,270,37,4
Zagadka oceanu,270,37,4
Piracka tajemnica,270,37,4
Kolia prawdziwego Konga VII,270,37,4
Naszyjnik rybich ości,270,37,4
Pamięć o śmierci,270,37,4
Naszyjnik z kotwiczką,270,37,4
Zawieszka manipulacji,270,37,4
Kolia z burgundowych bombek,278,38,4
Monumentalna kolia burżuja,278,38,4
Hełm podwodnej przygody VII,280,38,4
Podeszwy wylewającej rzeki VII,280,38,4
Przelot sokoła VII,280,38,4
Krok zdobywcy piramid VII,280,38,4
Czujność szakala VII,280,38,4
Pośmiertne obuwie faraona VII,280,38,4
Kąsanie krokodyla VII,280,38,4
Lukrowane buciki,280,38,4
Trepy księcia z bajki,280,38,4
Kozaki wróżki chrzestnej,280,38,4
Rękawice życia i śmierci VII,280,38,4
Dłonie moczarów,280,38,4
Krzaczaste rękawice driady,280,38,4
Kwitnące błoto,280,38,4
Szronotwórczy uścisk Chione,280,38,4
Nocne oblicze Tlaltecuhtli,280,38,4
Sygnet nieba i ziemi,280,38,4
Upamiętnienie pokracznej gadziny,280,38,4
Klejnot Hronn,280,38,4
Oko chłodu,280,38,4
Kolia ze smoczych łez,280,38,4
Boskie wiadro Idalii,285,39,4
Podobizna słynnej krasuli,285,39,4
Mleczny eliksir kocura,285,39,4
Uszatka zimowego jeźdźca,290,39,4
Diadem z królewskiej zbrojowni,290,39,4
Ocieplany hełm kresjański,290,39,4
Złote czaszki Silvy,295,40,4
Puls piromana,295,40,4
Hebanowe oczy proroka,295,40,4
Obuwie przekupstwa i pychy,295,40,4
Morska asystentka VII,290,39,4
Rybie sztandary VII,290,39,4
Łuskołapki VII,290,39,4
Uścisk niespokojnej fali VII,290,39,4
Pluszowy żarłacz VII,290,39,4
Czarne płetwy VII,290,39,4
Spetryfikowane dłonie najwyższego kapłana,290,39,4
Uścisk błotnych lawin,295,40,4
Palce trzęsień ziemi,295,40,4
Dłonie wielkiego tsunami,295,40,4
Muszelka urodziwej syreny VII,290,39,4
Krzepa starych źródeł,290,39,4
Rwące prądy rzeki,290,39,4
Kolce kamienistego potoku,290,39,4
Zwiastun triumfu,290,39,4
Obrączka przebiegłości,290,39,4
Sygnet Tynderellów,290,39,4
Jądro złocistego poranka,290,39,4
Kamień ducha jazgrzy,290,39,4
Dar duchów przodków,290,39,4
Klejnot ognistego ducha,290,39,4
Dawny wisior spiczastych sopli,290,39,4
Dawny medalion krwistego lodu,290,39,4
Dawna kolia pana lodu,290,39,4
Dawne serce lodowatego kolosa,290,39,4
Dawny kryształ zamrożonej tafli,290,39,4
Dawna czarna esencja przesilenia,290,39,4
Wisior spiczastych sopli,290,39,4
Medalion krwistego lodu,290,39,4
Kolia pana lodu,290,39,4
Serce lodowatego kolosa,290,39,4
Kryształ zamrożonej tafli,290,39,4
Czarna esencja przesilenia,290,39,4
Wesoły pajacyk,295,40,4
Złota marionetka,295,40,4
Miniaturowy aktor,295,40,4
Tańcząca kukiełka,295,40,4
Kamienny łeb Matvesa,300,40,4
Przyłbica ducha maszyny,300,40,4
Nadziewany kaptur kostuchy,300,40,4
Trujące oblicze kakao,300,40,4
Mleczna czapa asasyna,300,40,4
Oblicze największych lęków,300,40,4
Maska strażnika upraw,300,40,4
Raj dla stopy,300,40,4
Kalosze nowej profesji,300,40,4
Czubki i dzióbki,300,40,4
Niedźwiedzia noga,300,40,4
Soczyste trzewiki wiosny,300,40,4
Ciężki chód strażnika VII,300,40,4
Szpony łuskacza pestek,300,40,4
Dłonie dyniochirurga,300,40,4
Kreatorki dyniowych lampionów,300,40,4
Pestkowy horror,300,40,4
Lukrowe chwytaki degustatora,300,40,4
Rękawice do wiązania snopków,300,40,4
Ofiarne człachmęcia,300,40,4
Gwieździsty sygnet krupiera,300,40,4
Kwiecie Pożogi VII,300,40,4
Prapotęga Natury VII,300,40,4
Oko Czasu VII,300,40,4
Kropla Rozkładu VII,300,40,4
Słońce Zaświatów VII,300,40,4
Boska Łuna VII,300,40,4
Odrażający gniotek,300,40,4
Serce bestii,300,40,4
Czerep powietrznej dominacji,51,15,3
Przesłona złotych skrzydeł,51,15,3
Korona z ptasiego pierza,51,15,3
Błyskotka z Ventum Avem,51,15,3
Bursztynowy sygnet harpii,51,15,3
Złote Pisklę,51,15,3
Klejnot północnego sztormu,51,15,3
Przychylność żaru tropików,70,17,3
Królewska ochrona śmiałka,70,17,3
Królicze ochłapy,70,17,3
Święty granat ręczny,70,17,3
Rwąca strzała dewastacji,70,17,3
Chłód rozszarpanych zwłok,70,17,3
Rycerska zbroja śmiałka,70,17,3
Bambosze z Zabójczego Królika,70,17,3
Puszysty ogonek,70,17,3
Sygnet króliczej przemiany,70,17,3
Para zabójczych zębów,70,17,3
Więzienne lustro Meltis,101,20,3
Osłona roztrzaskanej marionetki,101,20,3
Platynowa tarcza zuchwałości,101,20,3
Sztylet matczynej nienawiści,101,20,3
Kumulacja olbrzymiej rozpaczy,101,20,3
Celność Iluminatiego,101,20,3
Groty spaczonej boskości,101,20,3
Struny Deprawacji,101,20,3
Obuwie władcy olbrzymów,101,20,3
Skurczona czaszka olbrzyma,101,20,3
Wyrok boskiego sądu,101,20,3
Symbol zakazanej miłości,101,20,3
Kask władcy feniksów,131,23,3
Kaptur ognia piekielnego,131,23,3
Czerep toczącej się lawy,131,23,3
Kaptur potępionego Arcymaga,131,23,3
Krok gniewnych erupcji,131,23,3
Pierścień Arcymaga,131,23,3
Pięć kryształów mocy,131,23,3
Kolczatka więźnia wulkanu,131,23,3
Magmowa pieczęć kreatora,131,23,3
Hełm antyiperytowy,154,25,3
Maska z systemem chłodzenia,154,25,3
Spalinowy kask goblina,154,25,3
Raad Ar,154,25,3
Kopuła nadawcza,154,25,3
Mobilne agregatory prądotwórcze,154,25,3
Proteza gładkolufowa,154,25,3
Ciężkie zawieszenie maszyny,154,25,3
Zaginiony pierścień jadu,154,25,3
Wspomnienie starożytnych,177,28,3
Krwawe echo wojny,177,28,3
Pamięć śnieżnych władców,177,28,3
Palce przeszłości,177,28,3
Kajdany zapomnienia,177,28,3
Atrybut pani wspomnień,177,28,3
Kajdany niepamięci,177,28,3
Dotyk przeszłości,177,28,3
Uwięziona świadomość półolbrzymki,177,28,3
Klatka niezwykłej rozkoszy,204,30,3
Demoniczne tabernakulum,204,30,3
Czarna maska bachanalii,204,30,3
Symbol demonicznego oddania,204,30,3
Dwulicowość Bestii,204,30,3
Serce Thinkusa,204,30,3
Więzienie Demonów,204,30,3
Trzcinowe pantofle maddoka,231,33,3
Krok torfowego dywanu,231,33,3
Obuwie jedności z naturą,231,33,3
Oko aligatora,231,33,3
Amulet bagiennych rybaków,231,33,3
Kłącza i wodorosty,231,33,3
Boska korona Tezcatlipoki,258,36,3
Pazury Tzayanatl,258,36,3
Łapy boskiego jaguara,258,36,3
Szpony pożeracza serc,258,36,3
Lodowe oko bogów,258,36,3
Szmaragdowe serce demona,258,36,3
Kościany sygnet szamana,258,36,3
Pancerny hełm Tanrotha,285,39,3
Mistrzowski hełm Tanrotha,285,39,3
Złowieszczy kaptur Tanrotha,285,39,3
Parszywe obuwie świętokradcy,285,39,3
Piaskowe szpony smoka,285,39,3
Stalowe podeszwy Hebrehotha,285,39,3
Perła Pustyni,285,39,3
Ognista pieczęć Barbatosa,285,39,3
Kolia smoczego kapłana,285,39,3
Medalion gadziej mutacji,285,39,3
Kask mroźnego nieboskłonu,300,40,3
Kaptur szronowych miraży,300,40,3
Czarna stal Tanrotha,300,40,3
Dotyk nagłej krystalizacji,300,40,3
Dłonie śnieżnych lawin,300,40,3
Chwyt głębokiej martwicy,300,40,3
Żarłoczny pancerz Mamlambo,36,14,2
Korona tańczących płomieni,35,14,2
Splot szaleństwa,35,14,2
Kapelusz wiecznej udręki,35,14,2
Buty wężowego ślizgu,36,14,2
Trzewiki zaklinacza rzek,36,14,2
Uścisk wygnańca,36,14,2
Bagienny prototyp,36,14,2
Krwawe płetwy Mamlambo,36,14,2
Złote oko głębin,36,14,2
Sygnet geotermalny,36,14,2
Sanktuarium uśpionej magii,38,14,2
Blask wilczej chwały,38,14,2
Kwarcowa pułapka,38,14,2
Puls praprzodków,38,14,2
Sanktuarium uśpionej mocy,38,14,2
Mroczna skorupa malachitu,40,14,2
Warstwa zielonej chityny,40,14,2
Kaftan jadeitowego cięcia,40,14,2
Mroczny kubrak truciciela,40,14,2
Peleryna żywych konarów,40,14,2
Szata mrocznego druida,40,14,2
Czapka początkującego wojaka,46,15,2
Czapka nowicjusza magii,46,15,2
Czapka amatora prędkości,46,15,2
Chwyt niestygnącej krwi,43,14,2
Kajdany gniewnej tułaczki,43,14,2
Stalowe szpony zemsty,43,14,2
Wilcze dziedzictwo,40,14,2
Zbroja krwawego sądu,58,16,2
Odzienie krwistych zaklęć,58,16,2
Odlew przeklętych rubinów,58,16,2
Powłoka zastygłej krwi,58,16,2
Kaftan zakrwawionych grotów,58,16,2
Narzuta karmazynowej zagłady,58,16,2
Pamiątka z Tuzmer,50,15,2
Podwójne podeszwy złodzieja,50,15,2
Pantofle Madame Baterflaj,50,15,2
Magiczna szata Złego Przewodnika,61,16,2
Szata Złego Przewodnika,61,16,2
Zbroja piekielnego kościeja,69,17,2
Rogate oblicze gada,63,16,2
Korona Króla Węży,63,16,2
Bagienne barachło,63,16,2
Maska czarnoksiężnika,63,16,2
Kryształowe cacuszko,60,16,2
Równowaga przeciwnych cząstek,60,16,2
Antymenitowy przemarsz,60,16,2
Kryształowa zasadzka,60,16,2
Nieuchwytne stąpanie menitu,60,16,2
Kryształowe ostrogi,60,16,2
Kryształowe sztuczki Vonarosa,62,16,2
Dwulicowy chwyt mnicha,63,16,2
Dotyk zwodniczych mgieł,63,16,2
Zamach wybitnego łgarza,63,16,2
Symbol Krwawego Szaleństwa,63,16,2
Ślepie skupienia magii,63,16,2
Ślepie bezwzględności,63,16,2
Przesłona murów świątyni,70,17,2
Zbroja klasztornego zdrajcy,70,17,2
Karacena kohorty mnichów,70,17,2
Tunika zręcznej dezercji,70,17,2
Kaftan wędrownego samotnika,70,17,2
Świątynna szata medytacji,70,17,2
Przyłbica przeklętego umysłu,74,17,2
Złota maska opętańca,74,17,2
Zęby klasztornego postrachu,74,17,2
Kościana bariera rozłożonego,83,18,2
Pancerz zniekształconych kości,83,18,2
Kolczuga kościotrupiego tańca,83,18,2
Zbroja upadłego łucznika,83,18,2
Kaftan palącego znamienia,83,18,2
Kurta potępionego czarnoksiężnika,83,18,2
Kaptur ciemnych mocy,82,18,2
Demoniczna skorupa,82,18,2
Obuwie handlarza gwiazd,83,18,2
Podeszwy eksplorującego badacza,83,18,2
Kryształowe paluchy Cesarzowej,83,18,2
Cholewy ciepłych futer,83,18,2
Kamasze zdrady i zagłady,83,18,2
Formacja obcych minerałów,83,18,2
Purpurowy chwyt opata,80,18,2
Złote wertownice,80,18,2
Serafitowe blachy kleryka,80,18,2
Gest zakończenia modlitwy,80,18,2
Świątynne pięści,80,18,2
Muśnięcie opętania,80,18,2
Pulsujące jądro komety,83,18,2
Manifestacja mocy Shurako,83,18,2
Pamiątka poprzedniego życia,83,18,2
Cząstka siły Azelatho,83,18,2
Kaftan martwej przysięgi,93,19,2
Pancerz zaprzedanej duszy,93,19,2
Kurta dusz przeklętych,93,19,2
Żelazne więzienie potępionych,93,19,2
Zbroja ciężaru winy,93,19,2
Pancerz przedśmiertnego strachu,93,19,2
Mocarna łuska skostniałego,100,20,2
Kubrak jadowitej strzały,100,20,2
Karacena toksycznego ukąszenia,100,20,2
Płaszcz leśnego weterana,100,20,2
Skóra podstępnej magii,100,20,2
Kapa bagiennej aury,100,20,2
Podobizna Mufteroina,100,20,2
Maska nocnego szlochu,101,20,2
Hełm kochanka Nocnej Kochanki,101,20,2
Oblicze smutku,101,20,2
Trzewiki zmierzchu,100,20,2
Rękawice kochanka Nocnej Kochanki,100,20,2
Wszechwidzące oczy,100,20,2
Pancerz czujnego patrolu,111,21,2
Kolczuga dystansowego wsparcia,111,21,2
Kubrak odwołanego ślubu,111,21,2
Zbroja światłego generała,111,21,2
Fasada frontalnej szarży,111,21,2
Pancerz skazanego siekacza,111,21,2
Symbol wiecznego panowania,110,21,2
Korona z zapomnianego grobowca,110,21,2
Tiara poległej wyroczni,110,21,2
Maska gniewu i bezwzględności,110,21,2
Przyłbica dowódcy wojsk,110,21,2
Diadem dawnych władców,110,21,2
Błony wyczekiwanego powrotu,114,21,2
Płetwy wielkiej krzywdy,114,21,2
Rękawy z pustynnych krain,114,21,2
Szpony utraconej nadziei,114,21,2
Klątwa tysiąca i jednej nocy,114,21,2
Śpiew pustynnych wydm,111,21,2
Obręcz władcy żywiołów,114,21,2
Jadeitowe oko nekromanty,114,21,2
Pomniejszony łeb Umibozu,114,21,2
Głowa wodnego autokraty,114,21,2
Oczy Funayurei,114,21,2
Morskie zwierciadło,114,21,2
Malachitowe wahadło kontroli,114,21,2
Kolia z lepkiego złota,114,21,2
Płyta mineralnej skały,120,22,2
Tunika skalistej pułapki,120,22,2
Kaftan halnego powiewu,120,22,2
Kubrak górskich ziół,120,22,2
Pancerz górskiego mędrca,120,22,2
Szata zaklęć wiatru,120,22,2
Gwieździsta monstrancja,120,22,2
Tabernakulum z sekretną recepturą,120,22,2
Medalion smakosza trunków,120,22,2
Wspomnienie wielkiego korsarza,135,24,2
Wybuchowe przywitanie,135,24,2
Złowrogie czaszki Rogera,135,24,2
Szata podziemnej erupcji,144,24,2
Tunika ognistych języków,144,24,2
Iskrząca płyta płomienistego,144,24,2
Kolczuga deszczu magmy,144,24,2
Magmowa skorupa wulkanu,144,24,2
Kaftan wiru magmy,144,24,2
Urwanie Głowy,140,24,2
Blask nocnych iluminacji,144,24,2
Lśniące stąpanie Nehalenni,144,24,2
Pancerne odnóża ważki,144,24,2
Solidne trepy ważkobija,144,24,2
Wytwór górskiego rzemieślnika,144,24,2
Bransolety Atalii,144,24,2
Klątwa fałszywego oblicza,144,24,2
Zdradzieckie żądło Vashkara,144,24,2
Trzepot świętej wojny,144,24,2
Skrzydła nadziei,144,24,2
Słońce uzdrawiania,144,24,2
Księżyc kaznodziei,144,24,2
Eteryczny baran,144,24,2
Sztuczka doświadczonego bacy,144,24,2
Serowe wahadełko,144,24,2
Plecionka z orczej skóry,144,24,2
Czapka uroku Atalii,150,25,2
Zębate mankiety przekładni,154,25,2
Otok rodzinnych niesnasek,157,26,2
Pożeracz zmarszczek,157,26,2
Pamiątka rodu czarownic,157,26,2
Dziedzictwo rodu czarownic,158,26,2
Minutowy zapalnik bombowy,154,25,2
Kolczuga głębokich ukłuć,163,26,2
Warstwa kamiennych płatków,163,26,2
Tunika grotów kolczastych,163,26,2
Zbroja różanej woni,163,26,2
Peleryna różanych kolców,163,26,2
Szata nasycona różą,163,26,2
Czapka niewidka,165,27,2
Podchmielone buciory Braciszka,165,27,2
Kalosze spoufalonego medyka,167,27,2
Cholewy bezwzględnych puryfikacji,167,27,2
Miażdżyciele orczych serc,165,27,2
Mankiety z zerwanych sztandarów,165,27,2
Stalowa pięść obłąkańca,165,27,2
Pazur rozpoczęcia rytuału,167,27,2
Szpon bankiera,167,27,2
Róg gwałtownej mutacji,167,27,2
Skorupa nadchodzącej wojny,167,27,2
Łuska kryształowego hodowcy,167,27,2
Rogowacizna badacza,167,27,2
Sopel z porzuconych kopalni,177,28,2
Klejnot smoczej choroby,177,28,2
Kolia dumnego rodu,177,28,2
Płaszcz wybitnej magii,180,28,2
Okrycie lodowych strzał,180,28,2
Zbroja światłego porucznika,180,28,2
Kaftan strzelca naczelnego,180,28,2
Osłona ciężkiego szarżownika,180,28,2
Kolczuga krwawego sierżanta,180,28,2
Poroże leśnej bestii,183,28,2
Eteryczny wieniec Viviany,183,28,2
Kaptur strażniczki kniei,183,28,2
Kapota plugawych zaklęć,190,29,2
Powłoka pająka krzyżaka,190,29,2
Pleciona warstwa pajęczyny,190,29,2
Zbroja pajęczej ofiary,190,29,2
Peleryna przeklętych ukąszeń,190,29,2
Kaftan śmiertelnego jadu,190,29,2
Pióropusz przeznaczenia,190,29,2
Dziób fałszywego bohatera,190,29,2
Zasłona adepta nekromancji,190,29,2
Kask toczącej zarazy,190,29,2
Ochrona trzepoczących skrzydeł,190,29,2
Maska doktora plagi,190,29,2
Osłony naczelnego medyka,190,29,2
Palce czarnej śmierci,190,29,2
Mankiety powiernika woli,194,29,2
Dłonie wielu osobowości,194,29,2
Bransolety kwitnącej aberracji,194,29,2
Czarne Słońce,205,31,2
Nerw wzrokowy demona,205,31,2
Krwawa relikwia,205,31,2
Krwisty kubrak opętanego,210,31,2
Kolczuga ociekającej krwi,210,31,2
Szata ofiarowanych dusz,210,31,2
Zbroja krwawego porucznika,210,31,2
Płyta piekielnego wymiaru,210,31,2
Kaftan czerwonego rozbryzgu,210,31,2
Symbol przebudzenia ośmionogich,213,31,2
Oblicze Czarnej Wdowy,213,31,2
Zasłona Arachne,213,31,2
Zrabowany kask szamana,213,31,2
Więzienie pajęczych sugestii,213,31,2
Skradziona przyłbica furbola,213,31,2
Splot ciemnych pajęczyn,213,31,2
Kamasze kontrolera bestii,213,31,2
Skarb z pajęczego królestwa,213,31,2
Wdzięczność Pajęczycy,210,31,2
Kołnierz dekapitacji,210,31,2
Obręcz Najwyższej Kapłanki,210,31,2
Tunika gazowych wyziewów,227,33,2
Kolczuga duszących oparów,227,33,2
Pancerz toksycznych opadów,227,33,2
Osłona bagiennych mutantów,227,33,2
Pancerz rybiej łuski,227,33,2
Splot trujących konarów,227,33,2
Kask szalonego wodocyklisty,220,32,2
Ponętna płetwa,220,32,2
Pierścionek toksycznej fascynacji,231,33,2
Błyskotka humanoidalnej natury,231,33,2
Symbol wodnych narodzin,231,33,2
Zbroja trzęsień ziemi,244,34,2
Ciężki korpus czciciela,244,34,2
Kaftan dzikiego rozszarpania,244,34,2
Kolczuga cichego echa,244,34,2
Futro boskiego jaguara,244,34,2
Płaszcz skalistego druida,244,34,2
Maska Puryfikacji,242,34,2
Czaszka wielkiego nieszczęśnika,242,34,2
Gniew strażnika kniei,242,34,2
Drewniany odłamek,244,34,2
Owoc przypadkowego spotkania,244,34,2
Łzawa rosa nierozwagi,244,34,2
Bliźniacza brosza,244,34,2
Cierń ostatniej transmutacji,244,34,2
Kwiecie przeogromnej pychy,244,34,2
Kamienie Wieków,244,34,2
Księżycowy Pasożyt,244,34,2
Brama do zaświatów,257,36,2
Kręgosłupy boskich bliźniąt,257,36,2
Symbol Wieczności,257,36,2
Złoty Pot,260,36,2
Łeb Tepeyollotla,260,36,2
Przeklęta klatka na ptaki,265,37,2
Ofiara eliksiru hydrofilowego,265,37,2
Kaptur wyzwolenia ducha,265,37,2
Palce demonicznego kompozytora,268,37,2
Złoty chwyt generała,268,37,2
Dłonie Czarnego Kapłana,268,37,2
Zalążek Chaosu,260,36,2
Sierpowate oko bogów,260,36,2
Słodka Kicia,260,36,2
Nieśmiertelność czasu,260,36,2
Kaftan boga wiatru,271,37,2
Kolczuga pana przestworzy,271,37,2
Kubrak antycznego węża,271,37,2
Skóra pierzastego węża,271,37,2
Pancerz pradawnych promieni,271,37,2
Kurta boskiej opieki,271,37,2
Złote obręcze nekrolorda,279,38,2
Bransolety Wernoradu,279,38,2
Szmaragdowy symbol zemsty,279,38,2
Pierścień upadku,279,38,2
Łza Jutrzenki,279,38,2
Natchnienie wieków,279,38,2
Klucz zdjęcia pieczęci,279,38,2
Kryształ krwawych rozstań,279,38,2
Skupisko smoczej magii,282,38,2
Maska gniewu Shaiharrud,282,38,2
Więzienie gadzich płomieni,282,38,2
Tafla kryształowych rozbłysków,300,40,2
Oszroniony puklerz zmarzlucha,300,40,2
Insygnium szczypiącego mrozu,300,40,2
Serce wiecznego chłodu,300,40,2
Groty z nietopliwego lodu,300,40,2
Lodowcowa akupunktura,300,40,2
Szata pana zawieruchy,300,40,2
Ochrona mroźnego giganta,300,40,2
Pancerz niezniszczalnego lodu,300,40,2
Napierśnik lodowej kostuchy,300,40,2
Kolczuga przeszywających sopli,300,40,2
Kaftan oziębłego strzelca,300,40,2
Kaftan władcy strzał,300,40,2
Kolczuga władcy lasu,300,40,2
Napierśnik władcy wiatru,300,40,2
Szata władcy magii,300,40,2
Ochrona herosa,300,40,2
Pancerz tytana,300,40,2
Pulsujący symbol zimy,300,40,2
Stalowe kolce zawieruchy,300,40,2
Artefakt minionej ery,300,40,2
Maska dziewięciu żywotów,26,13,1
Kamuflaż przyczajonego kocura,26,13,1
Kask wiedźmiego chowańca,26,13,1
Nimb emanującego kła,23,12,1
Magiczne ciżemki Zorga,33,13,1
Buciory lidera szajki,33,13,1
Obuwie upadłego barona,33,13,1
Szpony Ciemnego Varga,30,13,1
Nekromantki cmentarnej dziewicy,30,13,1
Rzeka Marzeń,37,14,1
Klejnot Wielkich Jezior,37,14,1
Studnia Życzeń,37,14,1
Czaszka Przeznaczenia,30,13,1
Maska Akumu,40,14,1
Maska złodzieja,47,15,1
Dzikie ryjki,40,14,1
Buty Razuglaga,40,14,1
Towar pierwszej klasy,47,15,1
Chrumkająca ozdoba dzika,40,14,1
Naramienniki przywódcy watahy,40,14,1
Nasiono burzy,46,15,1
Błękitna duma tolloka,46,15,1
Sygnet przyzwania nietoperzy,46,15,1
Dusza Światła,40,14,1
Element Mroku,40,14,1
Zbójeckie złotko,47,15,1
Maska mrocznego sługi,50,15,1
Kaptur Magii Początku,50,15,1
Skradzione chodaki Jana,57,16,1
Paskudzące żądła Matki,56,16,1
Objęcia propolisu,56,16,1
Bransolety łąkowego terroru,56,16,1
Zaklęty płomień,50,15,1
Rozłupana czaszka Foverka,57,16,1
Klejnot turrimu,57,16,1
Przyłbica filtracyjna,64,16,1
Futrzana czapa szaleńca,64,16,1
Klamry przewrotowca,64,16,1
Klejnot ognistej pożogi,64,16,1
Sygnet szmaragdowej potęgi,64,16,1
Rogaty łeb tolloka,71,17,1
Zakuty łeb tolloka,71,17,1
Podeszwy magicznej wyniosłości,70,17,1
Kamienne trzewiki,70,17,1
Mrozoodporne kamasze Jotuna,70,17,1
Popis fachu Drohiego,76,18,1
Kunsztowne buty Meliego,76,18,1
Cacko Drimiego,76,18,1
Brylantowe rękawice tolloka,71,17,1
Chluba jaskiniowych tolloków,71,17,1
Naczynie odizolowanej duszy,75,18,1
Pieczęć dusz śniegu,75,18,1
Czaszka pośmiertnego stężenia,75,18,1
Oblicze dokuczliwych biesów,80,18,1
Więzienie obsesyjnych żądzy,80,18,1
Rogi niewzruszonej podłości,80,18,1
Podarek krasnoludzkiego monarchy,88,19,1
Wspomnienie Wojny Magów,88,19,1
Przesłona rządów strachu,88,19,1
Krok żałobnych orszaków,80,18,1
Popis zapomnianego kowala,80,18,1
Cudeńko ze skarbca dławicieli,80,18,1
Łup jaskiniowej hordy,80,18,1
Symbol obsesji,89,19,1
Odlew najwyższej próby,89,19,1
Symbol złotej obsesji,89,19,1
Zapomniany skarb krasnoludów,89,19,1
Pneumatyczny chwyt grabarza,80,18,1
Cacko ze splądrowanego grobowca,80,18,1
Sygnet szczypiącego mrozu,82,18,1
Skumulowane światło lodowca,82,18,1
Błyskotka Wielkiej Stopy,82,18,1
Anihilator,92,19,1
Kamasze gnomiego honoru,96,20,1
Strzelające palce kniei,92,19,1
Trofeum z Leśnego Widma,92,19,1
Skarb borowych,92,19,1
Potęga wielkiego Figlida,96,20,1
Pieczęć mrozu,91,19,1
Róża w rozkwicie,93,19,1
Obrączka płynnej żywicy,93,19,1
Nieskalana dusza nimfy,93,19,1
Okazała gnomijagoda,96,20,1
Dojrzała gnomijagoda,96,20,1
Mistyczna błyskotka volmatów,92,19,1
Pochłaniająca duma urgrapów,92,19,1
Obręcz duszących pnączy,99,20,1
Kolia dojrzałych soków,99,20,1
Ozdoba walecznego centaura,99,20,1
Szata alchemika,106,21,1
Pancerz naiwnego,106,21,1
Kurta upadłego strażnika,106,21,1
Karminowe opętanie,105,21,1
Trzecie oko arcykapłana,105,21,1
Rogate oblicze półdemona,105,21,1
Czerep magicznego rzemieślnika,105,21,1
Zaczarowane bryle,108,21,1
Cuchnąca przyłbica miłośnika,108,21,1
Kopyta demonicznej manifestacji,101,20,1
Miękkie racice bandyty,101,20,1
Stalowe zmiażdżenie,101,20,1
Łapka w górę,108,21,1
Krwawy płomień bluźnierstwa,105,21,1
Ozdoba fałszywego bożka,105,21,1
Cień piekieł,106,21,1
Symbol uwielbienia łowców,108,21,1
Symbol uwielbienia magii,108,21,1
Symbol uwielbienia rycerzy,108,21,1
Wałek teściowej,113,21,1
Pancerz krwawej sprawiedliwości,111,21,1
Peleryna gwieździstych nocy,111,21,1
Klata niewyobrażalnego gniewu,111,21,1
Termiczna osłona myśliwego,111,21,1
Blachy rozszczepiające światło,111,21,1
Szata magicznych oparów,111,21,1
Hełm Fistuły,113,21,1
Galaretowate ślepia,118,22,1
Macki władzy,118,22,1
Tęczowa ośmiorniczka,118,22,1
Śwarne kapce teściowej,112,21,1
Buty Króla Skorpiona,113,21,1
Opieka Skarabeuszy,113,21,1
Obmierzłe cholewy Ozirusa,113,21,1
Pazury wiecznej ekshumacji,112,21,1
Pięści uderzających meteorytów,112,21,1
Czarne rękawice abordażu,112,21,1
Wzmocnione rękawice morskiego wilka,112,21,1
Zasuszona twarz ożywieńca,112,21,1
Koralowa góralsko błyskotka,113,21,1
Turban płonących języków,128,23,1
Turban ognistych języków,128,23,1
Korona Politraki,128,23,1
Cholewy z piaskowego czerwia,125,23,1
Klamry dziejotwórczego porozumienia,123,22,1
Kajdany ziemi obiecanej,123,22,1
Okowy boskiego pochodzenia,123,22,1
Miniaturowe szczęki Stworzyciela,125,23,1
Cacko wielkiego kreatora,125,23,1
Formacja stygnącej lawy,128,23,1
Klejnot dowódcy orczej hordy,128,23,1
Chusta pustynnych koszmarów,135,24,1
Przyłbica wojennych piasków,135,24,1
Szyszak czterech wiatrów,135,24,1
Mechaniczna czapka Goonsa,139,24,1
Pneumatyczna noga Jacka,131,23,1
Ciężka stopa Helgi,131,23,1
Kozaki zza siedmiu mórz,131,23,1
Wytwór niemal doskonały,139,24,1
Twór niemal doskonały,139,24,1
Złoty hak przyszłości,131,23,1
Dostojne rękawy Henrego,131,23,1
Oderwana dłoń Burkoga,132,23,1
Niezniszczalne rękawice Amuno,132,23,1
Pazur abordażowy,131,23,1
Błysk chmielowych szyszek,136,24,1
Oczko mistrza fermentacji,136,24,1
Nagroda najmocniejszej głowy,136,24,1
Szczęśliwa Kotwica,131,23,1
Pijacka busola,131,23,1
Duma Mackomordego,131,23,1
Serce Kuźni,139,24,1
Prawdziwe oblicze teściowej,144,24,1
Odświętny bibelot świekry,144,24,1
Podeszwy braterskiej więzi,148,25,1
Niezniszczalne trepy Amuno,148,25,1
Cholewy z zachodu,148,25,1
Niezniszczalne podeszwy Amuno,148,25,1
Dłonie górskich wstrząsów,144,24,1
Pięści dobrostanu żony,144,24,1
Łapy krótkiego rozumu,144,24,1
Obrączka matczynej miłości,144,24,1
Sygnet Worundriela,144,24,1
Rogi Bestii,144,24,1
Kolia Stworzyciela,144,24,1
Ozdoba Adariel,144,24,1
System celowniczy Asterusa,154,25,1
Lewitujące trzewiki Adariel,150,25,1
Kozaki chłonięcia magii,150,25,1
Buty Władcy Klanów,150,25,1
Goblińskie ustrojstwo,154,25,1
Krwawe dyrygentki,150,25,1
Sygnet łaski i zawahania,150,25,1
Pieczęć pana twierdzy,150,25,1
Symbol ogrzego splendoru,158,26,1
Spreparowana czaszka czarnoksiężnika,158,26,1
Pieczęć czarnej magii,155,26,1
Symbol czarnej magii,155,26,1
Wiedźmi łapacz snów,155,26,1
Ampułka brzydoty,155,26,1
Pamiątka Adariel,155,26,1
Pamiątka z wielkiej wojny,155,26,1
Odznaczenie smokobija,165,27,1
Maska orczej wyroczni,165,27,1
Przyłbica wielkiego zaszczytu,165,27,1
Esencja smoczej tężyzny,167,27,1
Korona pradawnej królowej,168,27,1
Skarb praorczej dynastii,160,26,1
Obuwie wielkiego zaszczytu,160,26,1
Smocza zwinność,163,26,1
Kamasze demonicznego obłędu,165,27,1
Odrąbana dłoń Burkoga,160,26,1
Wyraz olbrzymiej pogardy,160,26,1
Rękawice ze smoczej skóry,167,27,1
Miniaturowy portal,160,26,1
Przebudzone ślepie demona,160,26,1
Błysk smoczego oka,167,27,1
Źródło wielkiego nieszczęścia,160,26,1
Kolia Łowcy Dusz,167,27,1
Ozdoba Pożeracza Umysłów,167,27,1
Naszyjnik Królewskiego Strażnika,167,27,1
Chryzantemowy diadem,177,28,1
Korona życiodajnych kalii,177,28,1
Przyłbica pani wrzosowisk,177,28,1
Cholewy leśnej monarchii,177,28,1
Bezszelestny chód mchów,177,28,1
Święta Dębina,177,28,1
Nienawistny chwyt królowej,175,28,1
Skostniałe paluchy monarchini,175,28,1
Uścisk nieskończonej śnieżycy,175,28,1
Królewski pierścień pramatki,175,28,1
Ukryta potęga praorków,175,28,1
Pąk Wabiciel,176,28,1
Wrzosowa plecionka driady,176,28,1
Hełm ogrzego szaleństwa,180,28,1
Korona zdobywcy Otchłani,182,28,1
Korona czempiona Otchłani,182,28,1
Buciory krwawego obłędu,180,28,1
Stalowe pieścidełko,183,28,1
Trio mięsożernych pąków,188,29,1
Wonne kwiecie dezynfekcji,188,29,1
Piękno pełni rozkwitu,188,29,1
Złoty księżyc Ankelwaldów,186,29,1
Księżyc Ankelwaldów,186,29,1
Osiem Nóg Fortuny,186,29,1
Oko Opatrzności,186,29,1
Żelazna Twarz,190,29,1
Krwawa szczęka Valmira,190,29,1
Pnie wymuszonej symbiozy,190,29,1
Cholewy krwawego przebudzenia,190,29,1
Pantofle opasłego gryzonia,197,30,1
Myświórowe kaprysy,197,30,1
Szczurołapki,197,30,1
Dekapitatorki,190,29,1
Źródło leśnego mroku,190,29,1
Piekielny Nietoperz,195,30,1
Tchnienie Nagłej Grozy,195,30,1
Podmuch Wiecznie Potępionych,195,30,1
Nawiedzona chusta hrabiny,204,30,1
Korona Wiecznej Gehenny,205,31,1
Maska Smakosza Serc,205,31,1
Diadem Tysiąca Świec,205,31,1
Powolny Puls Demona,200,30,1
Łańcuchy ujarzmiania demonów,200,30,1
Kryjówka demonicznych sugestii,200,30,1
Szpony krwawych przesłuchań,200,30,1
Pierścień Mistrzyni Tortur,200,30,1
Dłoń Diabła,200,30,1
Szpon Bahaala,200,30,1
Ozdoba Piekielnego Portalu,200,30,1
Kościany Strażnik,200,30,1
Płomień Żywej Wiary,200,30,1
Podeszwy uzurpatora,216,32,1
Łup z Tass Zhil,216,32,1
Cholewy chwilowej ekscytacji,216,32,1
Dziedzictwo linii czempionów,210,31,1
Muśnięcie powiewających pajęczyn,214,31,1
Stalowe pająki,214,31,1
Pięści zawodnego bohatera,214,31,1
Światło odstraszające pająki,210,31,1
Medalion doskonałości,210,31,1
Stukot historii,220,32,1
Pokraczne łapy Arytodama,226,33,1
Klamry degradacji środowiska,226,33,1
Kajdany bagiennego bulgotania,226,33,1
Stary Żabiec,231,33,1
Smakosz Ambrozji Maddoków,231,33,1
Genealogiczne Algi,231,33,1
Źródło grzybowej zarazy,235,34,1
Sznur psylocybków,235,34,1
Najbardziej wyjątkowy okaz,235,34,1
Żywiczne korzonki,240,34,1
Konarowce,240,34,1
Rękawice ze skóry Tolypeutesa,242,34,1
Mankiety obrońcy bogów,242,34,1
Gest Teomama,242,34,1
Gniazdo wielkiej przenikliwości,248,35,1
Ollin,248,35,1
Sygnet z kości konkwistadorów,248,35,1
Oculus,240,34,1
Czaszka Huitzilopochtli,256,36,1
Pozłacana podobizna bóstwa,256,36,1
Płomienna maska kapłana,256,36,1
Cholewy boskiego lśnienia,256,36,1
Stąpanie Dwóch Słońc,256,36,1
Wyobrażenie Mictlantecuhtliego,256,36,1
Złotorożny czerep,260,36,1
Lazur wód Wernoradu,261,36,1
Bojowe obuwie Chopesza,261,36,1
Skarb antycznych,261,36,1
Wszechstronne obcasy Sybilli,262,36,1
Buciory wiedźmiej potęgi,262,36,1
Pantofle infiltracji umysłów,262,36,1
Szałowe pazury Wabicielki,260,36,1
Dłoń władcy podziemi,260,36,1
Furia potężnego Seta,274,37,1
Niezłomność bezlitosnego Seta,274,37,1
Magia mrocznego Seta,274,37,1
Smocze Kroki,280,38,1
Uścisk wirujących piasków,280,38,1
Pancerna pięść wojownika Shaiharrud,280,38,1
Szpony gadzich jeźdźców,280,38,1
Palce wymuszonej symbiozy,287,39,1
Szpony leśnego runa,287,39,1
Kryształ w obrączce Agnrakha,280,38,1
Kryształ w obrączce Vaenry,280,38,1
Obroża Przeistoczenia,280,38,1
Liściasta kolia Nymphemonii,280,38,1
Klejnot świątynny,280,38,1
Klejnot królewski,280,38,1
Skarb Królestwa Driad,287,39,1
Buciory entuzjasy kraszanek,81,18,4